scenario,expected,actual,status,evidence,defect
A: registration and token confirmation,Unconfirmed sign-in refused; confirmation and password sign-in succeed,Unconfirmed sign-in refused; confirmation and password sign-in succeed,pass,https://github.com/AfghanistanianHub/afghan-hub-web/actions/runs/37736285676/job/113176442533,
A: onboarding/profile update,Own profile is created and updated; onboarding access state changes,Own profile is created and updated; onboarding access state changes,pass,https://github.com/AfghanistanianHub/afghan-hub-web/actions/runs/37736285676/job/113176442533,
A: session refresh/sign-out/sign-in,Refreshed session belongs to same user; local sign-out clears session; sign-in succeeds,Refreshed session belongs to same user; local sign-out clears session; sign-in succeeds,pass,https://github.com/AfghanistanianHub/afghan-hub-web/actions/runs/37736285676/job/113176442533,
A: profile visibility and role tampering,Private profile hidden from other members; anonymous directory hidden; role escalation refused,Private profile hidden from other members; anonymous directory hidden; role escalation refused,pass,https://github.com/AfghanistanianHub/afghan-hub-web/actions/runs/37736285676/job/113176442533,
B: request/cancel/decline/accept/disconnect,Each connection transition respects actor and recipient,Each connection transition respects actor and recipient,pass,https://github.com/AfghanistanianHub/afghan-hub-web/actions/runs/37736285676/job/113176442533,
B: invalid and unrelated actions,Self requests and unrelated connection reads are rejected/hidden,Self requests and unrelated connection reads are rejected/hidden,pass,https://github.com/AfghanistanianHub/afghan-hub-web/actions/runs/37736285676/job/113176442533,
C: direct conversation and messages,"Connected members create a conversation, send and retrieve a real message","Connected members create a conversation, send and retrieve a real message",pass,https://github.com/AfghanistanianHub/afghan-hub-web/actions/runs/37736285676/job/113176442533,
C: membership and invalid recipient boundaries,Unrelated member cannot read/send messages or conversations; invalid recipient refused,Unrelated member cannot read/send messages or conversations; invalid recipient refused,pass,https://github.com/AfghanistanianHub/afghan-hub-web/actions/runs/37736285676/job/113176442533,
D: notification creation/read/privacy/idempotence,Generated notification belongs to recipient; unrelated read/mark refused; repeated read is safe,Generated notification belongs to recipient; unrelated read/mark refused; repeated read is safe,pass,https://github.com/AfghanistanianHub/afghan-hub-web/actions/runs/37736285676/job/113176442533,
C/D: realtime delivery and reconnection,Messages and notification changes arrive after subscription and resubscription,Messages and notification changes arrive after subscription and resubscription,pass,https://github.com/AfghanistanianHub/afghan-hub-web/actions/runs/37736285676/job/113176442533,RT-READY fixed at 0d2144e; API stream readiness verified
E: organizations ownership/moderation/CRUD,Owner can create/update/delete; outsiders cannot modify drafts; moderator publishes,Owner can create/update/delete; outsiders cannot modify drafts; moderator publishes,pass,https://github.com/AfghanistanianHub/afghan-hub-web/actions/runs/37736285676/job/113176442533,
E: opportunities ownership/moderation/CRUD,Owner can create/update/delete; outsiders cannot modify drafts; moderator publishes,Owner can create/update/delete; outsiders cannot modify drafts; moderator publishes,pass,https://github.com/AfghanistanianHub/afghan-hub-web/actions/runs/37736285676/job/113176442533,
E: events ownership/moderation/CRUD,Owner can create/update/delete; outsiders cannot modify drafts; moderator publishes,Owner can create/update/delete; outsiders cannot modify drafts; moderator publishes,pass,https://github.com/AfghanistanianHub/afghan-hub-web/actions/runs/37736285676/job/113176442533,
Cleanup: captured local fixtures,Only fixture IDs created by this run are deleted,Only fixture IDs created by this run are deleted,pass,https://github.com/AfghanistanianHub/afghan-hub-web/actions/runs/37736285676/job/113176442533,
A: email delivery and confirmation callback UI,Received test email confirms through real browser callback and redirects correctly,Confirmation token API passed; email delivery and browser callback not exercised,blocked,No browser acceptance evidence; isolated API evidence above is narrower,QA-UI-01
A: browser onboarding/profile validation/session persistence,"Forms, validation, cookies and reload/restart retain correct account state",API onboarding/profile/session checks passed; dedicated browser fixture bridge not implemented,blocked,No browser acceptance evidence; isolated API evidence above is narrower,QA-UI-02
B: two-account connection UI,Buttons and relationship states update for both fixture users,Lifecycle and negative RLS checks passed via real API; browser UI not exercised,blocked,No browser acceptance evidence; isolated API evidence above is narrower,QA-UI-03
C: authenticated messaging UI recovery,"Conversation UI sends, receives, announces failures and resynchronizes",Real API retrieval/realtime passed; component regression tests cover readiness; authenticated UI not exercised,blocked,No browser acceptance evidence; isolated API evidence above is narrower,QA-UI-04
D: unread badge/navigation/multi-tab UI,"Unread badge, read state and content destination synchronize across sessions",Recipient isolation and repeated mark-read passed; browser badge/navigation not exercised,blocked,No browser acceptance evidence; isolated API evidence above is narrower,QA-UI-05
D: duplicate event creation,Replayed events do not generate duplicate notifications,Repeated mark-read tested; duplicate event replay not exercised,blocked,No browser acceptance evidence; isolated API evidence above is narrower,QA-UI-06
C/D: transport interruption,Network disconnection/reconnection recovers missed state,Real unsubscribe/resubscribe cycles tested; network-level fault not simulated,blocked,No browser acceptance evidence; isolated API evidence above is narrower,QA-UI-07
E: owner/moderator forms,"CRUD/moderation forms show correct validation, roles and redirects",Real owner/moderator RLS and CRUD passed; authenticated form E2E not exercised,blocked,No browser acceptance evidence; isolated API evidence above is narrower,QA-UI-08
